{
    "Products":[
        {
            "id":1,
            "name":"Iphone 12 Mini",
            "price":55000
        },
        {
            "id":2,
            "name":"Iphone 12",
            "price":69000
        },
        {
            "id":3,
            "name":"Iphone 14",
            "price":78500
        },
        {
            "id":4,
            "name":"Iphone 13 Mini",
            "price":69000
        },
        {
            "id":5,
            "name":"Iphone 15 Pro",
            "price":155000
        }
    ]
}